,Title,Link,Location,Price,Image,Fuel Type,Type,Year,Kms Covered,Brand
0,Mercedes-Benz S-Class,https://www.olx.in/item/cars-c84-used-mercedes-benz-s-class-in-punjabi-bagh-west-delhi-iid-1834864248?rank=0,Punjabi Bagh West,13800000,https://apollo.olx.in:443/v1/files/i355lkdgj6232-IN/image;s=150x0;q=50;f=webp;,Petrol,Automatic,2023,12000.0,Mercedes-Benz
105,Land Rover Defender,https://www.olx.in/item/cars-c84-used-land-rover-defender-in-rajouri-garden-delhi-iid-1835209494?rank=25,Rajouri Garden,11775000,https://apollo.olx.in:443/v1/files/qd9807nano5r-IN/image;s=150x0;q=50;f=webp;,Petrol,Automatic,2024,10800.0,Land Rover
133,Land Rover Range Rover Sport,https://www.olx.in/item/cars-c84-used-land-rover-range-rover-sport-in-rajouri-garden-delhi-iid-1835208076?rank=13,Rajouri Garden,12975000,https://apollo.olx.in:443/v1/files/9s7abofwya0i-IN/image;s=150x0;q=50;f=webp;,Diesel,Automatic,2022,19480.0,Land Rover
379,Mercedes-Benz GLS,https://www.olx.in/item/cars-c84-used-mercedes-benz-gls-in-vikaspuri-delhi-iid-1834648677?rank=19,Vikaspuri,11900000,https://apollo.olx.in:443/v1/files/q1w8mm0vnvij1-IN/image;s=150x0;q=50;f=webp;,Diesel,Automatic,2025,15000.0,Mercedes-Benz
1477,Toyota Land Cruiser,https://www.olx.in/item/cars-c84-used-toyota-land-cruiser-in-paschim-vihar-delhi-iid-1836367259?rank=4,Paschim Vihar,21900000,https://apollo.olx.in:443/v1/files/xcuceygad6dw-IN/image;s=150x0;q=50;f=webp;,Diesel,Automatic,2025,4000.0,Toyota
1478,Porsche CARRERA,https://www.olx.in/item/cars-c84-used-porsche-carrera-in-paschim-vihar-delhi-iid-1835988678?rank=5,Paschim Vihar,22975000,https://apollo.olx.in:443/v1/files/dbww3copx4ls1-IN/image;s=150x0;q=50;f=webp;,Petrol,Automatic,2024,2500.0,Porsche
1532,Mercedes-Benz GLE,https://www.olx.in/item/cars-c84-used-mercedes-benz-gle-in-subhash-nagar-delhi-iid-1836347655?rank=13,Subhash Nagar,8100000,https://apollo.olx.in:443/v1/files/b5xu4hviqhmt1-IN/image;s=150x0;q=50;f=webp;,Diesel,Automatic,2023,19000.0,Mercedes-Benz
1561,Mercedes-Benz G-Class,https://www.olx.in/item/cars-c84-used-mercedes-benz-g-class-in-paschim-vihar-delhi-iid-1835890159?rank=2,Paschim Vihar,21975000,https://apollo.olx.in:443/v1/files/sfw7qv9lo42l-IN/image;s=150x0;q=50;f=webp;,Petrol,Automatic,2019,39000.0,Mercedes-Benz
1603,Land Rover Defender,https://www.olx.in/item/cars-c84-used-land-rover-defender-in-rajouri-garden-delhi-iid-1835209494?rank=4,Rajouri Garden,11775000,https://apollo.olx.in:443/v1/files/qd9807nano5r-IN/image;s=150x0;q=50;f=webp;,Petrol,Automatic,2024,10800.0,Land Rover
1636,Land Rover Range Rover Sport,https://www.olx.in/item/cars-c84-used-land-rover-range-rover-sport-in-rajouri-garden-delhi-iid-1835208076?rank=37,Rajouri Garden,12975000,https://apollo.olx.in:443/v1/files/9s7abofwya0i-IN/image;s=150x0;q=50;f=webp;,Diesel,Automatic,2022,19480.0,Land Rover
1829,Mercedes-Benz GLS,https://www.olx.in/item/cars-c84-used-mercedes-benz-gls-in-vikaspuri-delhi-iid-1834648677?rank=29,Vikaspuri,11900000,https://apollo.olx.in:443/v1/files/q1w8mm0vnvij1-IN/image;s=150x0;q=50;f=webp;,Diesel,Automatic,2025,15000.0,Mercedes-Benz
1960,Toyota Land Cruiser,https://www.olx.in/item/cars-c84-used-toyota-land-cruiser-in-paschim-vihar-delhi-iid-1835882437?rank=0,Paschim Vihar,26000000,https://apollo.olx.in:443/v1/files/p5xlj5y5z5jj2-IN/image;s=150x0;q=50;f=webp;,Petrol,Automatic,2026,23.0,Toyota
2021,Toyota Land Cruiser,https://www.olx.in/item/cars-c84-used-toyota-land-cruiser-in-punjabi-bagh-west-delhi-iid-1832324036?rank=21,Punjabi Bagh West,14800000,https://apollo.olx.in:443/v1/files/s5g8rpuz2qqs1-IN/image;s=150x0;q=50;f=webp;,Petrol,Automatic,2017,42650.0,Toyota
2040,Toyota Land Cruiser,https://www.olx.in/item/cars-c84-used-toyota-land-cruiser-in-rajouri-garden-delhi-iid-1835299668?rank=0,Rajouri Garden,22975000,https://apollo.olx.in:443/v1/files/swd8yestvlv22-IN/image;s=150x0;q=50;f=webp;,Diesel,Automatic,2025,2000.0,Toyota
2044,Toyota Land Cruiser,https://www.olx.in/item/cars-c84-used-toyota-land-cruiser-in-rajouri-garden-delhi-iid-1836800048?rank=4,Rajouri Garden,20900000,https://apollo.olx.in:443/v1/files/3tpsjipw187m1-IN/image;s=150x0;q=50;f=webp;,Diesel,Automatic,2023,15000.0,Toyota
2063,Toyota VELLFIRE,https://www.olx.in/item/cars-c84-used-toyota-vellfire-in-rajouri-garden-delhi-iid-1834220196?rank=23,Rajouri Garden,12500000,https://apollo.olx.in:443/v1/files/m4xz1ntukdgr3-IN/image;s=150x0;q=50;f=webp;,Petrol,Automatic,2024,5000.0,Toyota
2087,Toyota Land Cruiser,https://www.olx.in/item/cars-c84-used-toyota-land-cruiser-in-vikaspuri-delhi-iid-1823305265?rank=7,Vikaspuri,23100000,https://apollo.olx.in:443/v1/files/1mlswo34r5dh3-IN/image;s=150x0;q=50;f=webp;,Petrol,Automatic,2024,21000.0,Toyota
2120,Toyota Land Cruiser,https://www.olx.in/item/cars-c84-used-toyota-land-cruiser-in-punjabi-bagh-west-delhi-iid-1836960974?rank=0,Punjabi Bagh West,25000000,https://apollo.olx.in:443/v1/files/e38yy3vtktmy2-IN/image;s=150x0;q=50;f=webp;,Petrol,,2024,300.0,Toyota
2121,Toyota VELLFIRE,https://www.olx.in/item/cars-c84-used-toyota-vellfire-in-rajouri-garden-delhi-iid-1835205431?rank=1,Rajouri Garden,12975000,https://apollo.olx.in:443/v1/files/t5jjmoqec6qn1-IN/image;s=150x0;q=50;f=webp;,Petrol,,2023,11800.0,Toyota
2124,Toyota VELLFIRE,https://www.olx.in/item/cars-c84-used-toyota-vellfire-in-paschim-vihar-delhi-iid-1836429609?rank=4,Paschim Vihar,12490000,https://apollo.olx.in:443/v1/files/vhvyjewzf9173-IN/image;s=150x0;q=50;f=webp;,Petrol,Automatic,2024,2000.0,Toyota
2125,Toyota VELLFIRE,https://www.olx.in/item/cars-c84-used-toyota-vellfire-in-rajouri-garden-delhi-iid-1836429289?rank=5,Rajouri Garden,12500000,https://apollo.olx.in:443/v1/files/maxdakzynssy-IN/image;s=150x0;q=50;f=webp;,Petrol,Automatic,2024,2000.0,Toyota
2126,Toyota VELLFIRE,https://www.olx.in/item/cars-c84-used-toyota-vellfire-in-paschim-vihar-delhi-iid-1836428853?rank=6,Paschim Vihar,12490000,https://apollo.olx.in:443/v1/files/oq7zhwh2xli62-IN/image;s=150x0;q=50;f=webp;,Petrol,Automatic,2024,2200.0,Toyota
2181,Toyota VELLFIRE,https://www.olx.in/item/cars-c84-used-toyota-vellfire-in-paschim-vihar-delhi-iid-1836041316?rank=21,Paschim Vihar,8175000,https://apollo.olx.in:443/v1/files/nftn74b7awtg-IN/image;s=150x0;q=50;f=webp;,Petrol,Automatic,2022,46000.0,Toyota
2278,Toyota Land Cruiser,https://www.olx.in/item/cars-c84-used-toyota-land-cruiser-in-rajouri-garden-delhi-iid-1828944668?rank=38,Rajouri Garden,22100000,https://apollo.olx.in:443/v1/files/pfuwryeouicp2-IN/image;s=150x0;q=50;f=webp;,Diesel,Automatic,2023,15000.0,Toyota
2282,Toyota Land Cruiser,https://www.olx.in/item/cars-c84-used-toyota-land-cruiser-in-paschim-vihar-delhi-iid-1835881611?rank=2,Paschim Vihar,26000000,https://apollo.olx.in:443/v1/files/fibzux6lzujh-IN/image;s=150x0;q=50;f=webp;,Petrol,Automatic,2026,10.0,Toyota
2283,Toyota Land Cruiser,https://www.olx.in/item/cars-c84-used-toyota-land-cruiser-in-vikaspuri-delhi-iid-1828942135?rank=3,Vikaspuri,22100000,https://apollo.olx.in:443/v1/files/e4ibgsq366br3-IN/image;s=150x0;q=50;f=webp;,Diesel,Automatic,2023,10000.0,Toyota
2388,Toyota VELLFIRE,https://www.olx.in/item/cars-c84-used-toyota-vellfire-in-rajouri-garden-delhi-iid-1836052713?rank=28,Rajouri Garden,8000000,https://apollo.olx.in:443/v1/files/233n4qh5zk651-IN/image;s=150x0;q=50;f=webp;,,,2023,55000.0,Toyota
2422,Toyota Land Cruiser,https://www.olx.in/item/cars-c84-used-toyota-land-cruiser-in-vikaspuri-delhi-iid-1830237079?rank=22,Vikaspuri,23099999,https://apollo.olx.in:443/v1/files/nxcokpmzai4q1-IN/image;s=150x0;q=50;f=webp;,Petrol,Automatic,2024,17000.0,Toyota
2457,Toyota Land Cruiser,https://www.olx.in/item/cars-c84-used-toyota-land-cruiser-in-punjabi-bagh-west-delhi-iid-1826168116?rank=17,Punjabi Bagh West,14800000,https://apollo.olx.in:443/v1/files/vds7ml45h5qm2-IN/image;s=150x0;q=50;f=webp;,Petrol,Automatic,2024,40000.0,Toyota
2496,Toyota VELLFIRE,https://www.olx.in/item/cars-c84-used-toyota-vellfire-in-dwarka-delhi-iid-1819503556?rank=16,Dwarka,9500000,https://apollo.olx.in:443/v1/files/br20nplpz1ig1-IN/image;s=150x0;q=50;f=webp;,,,2022,50150.0,Toyota
2504,Toyota VELLFIRE,https://www.olx.in/item/cars-c84-used-toyota-vellfire-in-karampura-delhi-iid-1832592104?rank=24,Karampura,8700000,https://apollo.olx.in:443/v1/files/wvssb3dp7aw42-IN/image;s=150x0;q=50;f=webp;,Petrol,Automatic,2022,57000.0,Toyota
2528,Toyota VELLFIRE,https://www.olx.in/item/cars-c84-used-toyota-vellfire-in-naraina-delhi-iid-1832127648?rank=8,Naraina,11700000,https://apollo.olx.in:443/v1/files/bpx3jwnbg24d1-IN/image;s=150x0;q=50;f=webp;,Petrol,Automatic,2025,1.0,Toyota
2596,Toyota Land Cruiser,https://www.olx.in/item/cars-c84-used-toyota-land-cruiser-in-naraina-delhi-iid-1831701708?rank=36,Naraina,19450000,https://apollo.olx.in:443/v1/files/98l51vtjo0ql1-IN/image;s=150x0;q=50;f=webp;,Diesel,Automatic,2025,1.0,Toyota
2650,Toyota Land Cruiser,https://www.olx.in/item/cars-c84-used-toyota-land-cruiser-in-naraina-delhi-iid-1834112692?rank=10,Naraina,19400000,https://apollo.olx.in:443/v1/files/pn3x6iinqdb9-IN/image;s=150x0;q=50;f=webp;,Diesel,Automatic,2025,1.0,Toyota
2779,Toyota VELLFIRE,https://www.olx.in/item/cars-c84-used-toyota-vellfire-in-naraina-delhi-iid-1832705695?rank=20,Naraina,11600000,https://apollo.olx.in:443/v1/files/z4ifpvzt6jf93-IN/image;s=150x0;q=50;f=webp;,Petrol,Automatic,2025,1.0,Toyota
2805,Toyota VELLFIRE,https://www.olx.in/item/cars-c84-used-toyota-vellfire-in-naraina-delhi-iid-1803038011?rank=6,Naraina,11850000,https://apollo.olx.in:443/v1/files/c8y4xf6pfo7d3-IN/image;s=150x0;q=50;f=webp;,Petrol,Automatic,2025,1.0,Toyota
2848,Toyota Land Cruiser,https://www.olx.in/item/cars-c84-used-toyota-land-cruiser-in-greater-kailash-delhi-iid-1836367434?rank=9,Greater Kailash,22100000,https://apollo.olx.in:443/v1/files/yhn6ybe25fd-IN/image;s=150x0;q=50;f=webp;,Diesel,Automatic,2025,4000.0,Toyota
2849,Toyota Land Cruiser,https://www.olx.in/item/cars-c84-used-toyota-land-cruiser-in-ashok-vihar-delhi-iid-1836367099?rank=10,Ashok Vihar,22000000,https://apollo.olx.in:443/v1/files/bo7yjluhgxx13-IN/image;s=150x0;q=50;f=webp;,Diesel,Automatic,2025,4000.0,Toyota
2858,Toyota Land Cruiser,https://www.olx.in/item/cars-c84-used-toyota-land-cruiser-in-dlf-city-gurgaon-iid-1832816878?rank=19,DLF City,26100000,https://apollo.olx.in:443/v1/files/iacv6ge8jezt-IN/image;s=150x0;q=50;f=webp;,Petrol,Automatic,2025,50.0,Toyota
4884,Land Rover Defender,https://www.olx.in/item/cars-c84-used-land-rover-defender-in-paschim-vihar-delhi-iid-1836350387?rank=17,Paschim Vihar,12950000,https://apollo.olx.in:443/v1/files/w5mzaysus73f2-IN/image;s=150x0;q=50;f=webp;,Petrol,Automatic,2026,120.0,Land Rover
4890,Mercedes-Benz G Class,https://www.olx.in/item/cars-c84-used-mercedes-benz-g-class-in-rajouri-garden-delhi-iid-1835218262?rank=24,Rajouri Garden,24975000,https://apollo.olx.in:443/v1/files/w9aaun363ypq-IN/image;s=150x0;q=50;f=webp;,Diesel,Automatic,2023,24000.0,Mercedes-Benz
4925,Mercedes-Benz Maybach S-Class,https://www.olx.in/item/cars-c84-used-mercedes-benz-maybach-s-class-in-rajouri-garden-delhi-iid-1835216313?rank=19,Rajouri Garden,18975000,https://apollo.olx.in:443/v1/files/is1ao1nt9hy81-IN/image;s=150x0;q=50;f=webp;,Petrol,Automatic,2022,22100.0,Mercedes-Benz
4960,Mercedes-Benz GLE,https://www.olx.in/item/cars-c84-used-mercedes-benz-gle-in-subhash-nagar-delhi-iid-1836347655?rank=14,Subhash Nagar,8100000,https://apollo.olx.in:443/v1/files/b5xu4hviqhmt1-IN/image;s=150x0;q=50;f=webp;,Diesel,Automatic,2023,19000.0,Mercedes-Benz
5030,Land Rover Defender,https://www.olx.in/item/cars-c84-used-land-rover-defender-in-rajouri-garden-delhi-iid-1835209494?rank=5,Rajouri Garden,11775000,https://apollo.olx.in:443/v1/files/qd9807nano5r-IN/image;s=150x0;q=50;f=webp;,Petrol,Automatic,2024,10800.0,Land Rover
5046,Land Rover Range Rover,https://www.olx.in/item/cars-c84-used-land-rover-range-rover-in-vikaspuri-delhi-iid-1818064951?rank=21,Vikaspuri,13575000,https://apollo.olx.in:443/v1/files/ov1ski0o9ysv-IN/image;s=150x0;q=50;f=webp;,Petrol,Automatic,2021,52000.0,Land Rover
5062,Land Rover Range Rover Sport,https://www.olx.in/item/cars-c84-used-land-rover-range-rover-sport-in-rajouri-garden-delhi-iid-1835208076?rank=38,Rajouri Garden,12975000,https://apollo.olx.in:443/v1/files/9s7abofwya0i-IN/image;s=150x0;q=50;f=webp;,Diesel,Automatic,2022,19480.0,Land Rover
5226,Toyota Land Cruiser,https://www.olx.in/item/cars-c84-used-toyota-land-cruiser-in-vikaspuri-delhi-iid-1830237079?rank=2,Vikaspuri,23099999,https://apollo.olx.in:443/v1/files/nxcokpmzai4q1-IN/image;s=150x0;q=50;f=webp;,Petrol,Automatic,2024,17000.0,Toyota
5267,Mercedes-Benz GLS,https://www.olx.in/item/cars-c84-used-mercedes-benz-gls-in-vikaspuri-delhi-iid-1834648677?rank=4,Vikaspuri,11900000,https://apollo.olx.in:443/v1/files/q1w8mm0vnvij1-IN/image;s=150x0;q=50;f=webp;,Diesel,Automatic,2025,15000.0,Mercedes-Benz
5593,Ford Mustang,https://www.olx.in/item/cars-c84-used-ford-mustang-in-kirti-nagar-delhi-iid-1830361712?rank=12,Kirti Nagar,11750000,https://apollo.olx.in:443/v1/files/l06srrir3rp72-IN/image;s=150x0;q=50;f=webp;,Petrol,Automatic,2025,15000.0,Ford
5615,Ford Mustang,https://www.olx.in/item/cars-c84-used-ford-mustang-in-kirti-nagar-delhi-iid-1833022015?rank=34,Kirti Nagar,11595000,https://apollo.olx.in:443/v1/files/4sz5sah76wih3-IN/image;s=150x0;q=50;f=webp;,Petrol,Automatic,2025,15000.0,Ford
5652,Ford Mustang,https://www.olx.in/item/cars-c84-used-ford-mustang-in-kanhiya-nagar-delhi-iid-1835274152?rank=31,Kanhiya Nagar,8000000,https://apollo.olx.in:443/v1/files/ximfy2ze7gq22-IN/image;s=150x0;q=50;f=webp;,Petrol,Automatic,2019,25000.0,Ford
6006,Ford Mustang,https://www.olx.in/item/cars-c84-used-ford-mustang-in-ashok-vihar-delhi-iid-1831518297?rank=25,Ashok Vihar,8900000,https://apollo.olx.in:443/v1/files/o1nzcddbaevy-IN/image;s=150x0;q=50;f=webp;,Petrol,Automatic,2019,15000.0,Ford
6172,Ford Mustang,https://www.olx.in/item/cars-c84-used-ford-mustang-in-sector-15a-noida-iid-1836260136?rank=31,Sector 15A,8800000,https://apollo.olx.in:443/v1/files/z890ciprt39k1-IN/image;s=150x0;q=50;f=webp;,Petrol,Automatic,2019,15000.0,Ford
6216,Ford Mustang,https://www.olx.in/item/cars-c84-used-ford-mustang-in-chittaranjan-park-delhi-iid-1835637817?rank=35,Chittaranjan Park,8800000,https://apollo.olx.in:443/v1/files/6mx32gq7xl603-IN/image;s=150x0;q=50;f=webp;,Petrol,Automatic,2019,15000.0,Ford
7195,Toyota Land Cruiser,https://www.olx.in/item/cars-c84-used-toyota-land-cruiser-in-vikaspuri-delhi-iid-1823305265?rank=22,Vikaspuri,23100000,https://apollo.olx.in:443/v1/files/1mlswo34r5dh3-IN/image;s=150x0;q=50;f=webp;,Petrol,Automatic,2024,21000.0,Toyota
7198,Land Rover Range Rover,https://www.olx.in/item/cars-c84-used-land-rover-range-rover-in-rajouri-garden-delhi-iid-1835238265?rank=25,Rajouri Garden,19475000,https://apollo.olx.in:443/v1/files/porkz8aiem6s-IN/image;s=150x0;q=50;f=webp;,Diesel,Automatic,2023,35500.0,Land Rover
7273,Porsche Cayenne,https://www.olx.in/item/cars-c84-used-porsche-cayenne-in-rajouri-garden-delhi-iid-1835221254?rank=27,Rajouri Garden,13475000,https://apollo.olx.in:443/v1/files/x35iono4ugu33-IN/image;s=150x0;q=50;f=webp;,Petrol,Automatic,2023,3720.0,Porsche
7368,Mercedes-Benz G Class,https://www.olx.in/item/cars-c84-used-mercedes-benz-g-class-in-rajouri-garden-delhi-iid-1835218262?rank=3,Rajouri Garden,24975000,https://apollo.olx.in:443/v1/files/w9aaun363ypq-IN/image;s=150x0;q=50;f=webp;,Diesel,Automatic,2023,24000.0,Mercedes-Benz
7440,Mercedes-Benz GLE,https://www.olx.in/item/cars-c84-used-mercedes-benz-gle-in-subhash-nagar-delhi-iid-1836347655?rank=39,Subhash Nagar,8100000,https://apollo.olx.in:443/v1/files/b5xu4hviqhmt1-IN/image;s=150x0;q=50;f=webp;,Diesel,Automatic,2023,19000.0,Mercedes-Benz
7512,Land Rover Defender,https://www.olx.in/item/cars-c84-used-land-rover-defender-in-rajouri-garden-delhi-iid-1835209494?rank=32,Rajouri Garden,11775000,https://apollo.olx.in:443/v1/files/qd9807nano5r-IN/image;s=150x0;q=50;f=webp;,Petrol,Automatic,2024,10800.0,Land Rover
7538,Land Rover Range Rover Sport,https://www.olx.in/item/cars-c84-used-land-rover-range-rover-sport-in-rajouri-garden-delhi-iid-1835208076?rank=19,Rajouri Garden,12975000,https://apollo.olx.in:443/v1/files/9s7abofwya0i-IN/image;s=150x0;q=50;f=webp;,Diesel,Automatic,2022,19480.0,Land Rover
7728,Nissan PATROL,https://www.olx.in/item/cars-c84-used-nissan-patrol-in-ashok-vihar-delhi-iid-1833082450?rank=9,Ashok Vihar,25500000,https://apollo.olx.in:443/v1/files/lapk7kal4p6o-IN/image;s=150x0;q=50;f=webp;,Petrol,Automatic,2025,200.0,Nissan
8028,Mercedes-Benz AMG GLE Coupe,https://www.olx.in/item/cars-c84-used-mercedes-benz-amg-gle-coupe-in-rajouri-garden-delhi-iid-1836649741?rank=22,Rajouri Garden,12900000,https://apollo.olx.in:443/v1/files/mta7txri1a2y1-IN/image;s=150x0;q=50;f=webp;,Petrol,Automatic,2025,9700.0,Mercedes-Benz
8050,Porsche Cayenne,https://www.olx.in/item/cars-c84-used-porsche-cayenne-in-rajouri-garden-delhi-iid-1835221254?rank=4,Rajouri Garden,13475000,https://apollo.olx.in:443/v1/files/x35iono4ugu33-IN/image;s=150x0;q=50;f=webp;,Petrol,Automatic,2023,3720.0,Porsche
8065,Mercedes-Benz E-Class,https://www.olx.in/item/cars-c84-used-mercedes-benz-e-class-in-rajouri-garden-delhi-iid-1836353898?rank=19,Rajouri Garden,8000000,https://apollo.olx.in:443/v1/files/d1qr2exq5a3d1-IN/image;s=150x0;q=50;f=webp;,Petrol,Automatic,2026,500.0,Mercedes-Benz
8148,Land Rover Defender,https://www.olx.in/item/cars-c84-used-land-rover-defender-in-paschim-vihar-delhi-iid-1836350387?rank=23,Paschim Vihar,12950000,https://apollo.olx.in:443/v1/files/w5mzaysus73f2-IN/image;s=150x0;q=50;f=webp;,Petrol,Automatic,2026,120.0,Land Rover
8152,Mercedes-Benz G Class,https://www.olx.in/item/cars-c84-used-mercedes-benz-g-class-in-rajouri-garden-delhi-iid-1835218262?rank=27,Rajouri Garden,24975000,https://apollo.olx.in:443/v1/files/w9aaun363ypq-IN/image;s=150x0;q=50;f=webp;,Diesel,Automatic,2023,24000.0,Mercedes-Benz
8190,Mercedes-Benz Maybach S-Class,https://www.olx.in/item/cars-c84-used-mercedes-benz-maybach-s-class-in-rajouri-garden-delhi-iid-1835216313?rank=25,Rajouri Garden,18975000,https://apollo.olx.in:443/v1/files/is1ao1nt9hy81-IN/image;s=150x0;q=50;f=webp;,Petrol,Automatic,2022,22100.0,Mercedes-Benz
8219,Mercedes-Benz GLE,https://www.olx.in/item/cars-c84-used-mercedes-benz-gle-in-subhash-nagar-delhi-iid-1836347655?rank=17,Subhash Nagar,8100000,https://apollo.olx.in:443/v1/files/b5xu4hviqhmt1-IN/image;s=150x0;q=50;f=webp;,Diesel,Automatic,2023,19000.0,Mercedes-Benz
8297,Land Rover Defender,https://www.olx.in/item/cars-c84-used-land-rover-defender-in-rajouri-garden-delhi-iid-1835209494?rank=19,Rajouri Garden,11775000,https://apollo.olx.in:443/v1/files/qd9807nano5r-IN/image;s=150x0;q=50;f=webp;,Petrol,Automatic,2024,10800.0,Land Rover
8326,Land Rover Range Rover Sport,https://www.olx.in/item/cars-c84-used-land-rover-range-rover-sport-in-rajouri-garden-delhi-iid-1835208076?rank=11,Rajouri Garden,12975000,https://apollo.olx.in:443/v1/files/9s7abofwya0i-IN/image;s=150x0;q=50;f=webp;,Diesel,Automatic,2022,19480.0,Land Rover
8434,BMW M2,https://www.olx.in/item/cars-c84-used-bmw-m2-in-rajouri-garden-delhi-iid-1829591349?rank=2,Rajouri Garden,9900000,https://apollo.olx.in:443/v1/files/8pilcyqu2r012-IN/image;s=150x0;q=50;f=webp;,Petrol,Automatic,2024,2500.0,BMW
8471,BMW Z4,https://www.olx.in/item/cars-c84-used-bmw-z4-in-paschim-vihar-delhi-iid-1836966484?rank=39,Paschim Vihar,9400000,https://apollo.olx.in:443/v1/files/4nbr5dxvow3v-IN/image;s=150x0;q=50;f=webp;,Petrol,Automatic,2024,800.0,BMW
8484,BMW X5,https://www.olx.in/item/cars-c84-used-bmw-x5-in-punjabi-bagh-west-delhi-iid-1834173730?rank=12,Punjabi Bagh West,9700000,https://apollo.olx.in:443/v1/files/5hqt1lqtkp5e1-IN/image;s=150x0;q=50;f=webp;,Petrol,,2025,3300.0,BMW
8493,BMW Z4,https://www.olx.in/item/cars-c84-used-bmw-z4-in-punjabi-bagh-west-delhi-iid-1824854788?rank=22,Punjabi Bagh West,9450000,https://apollo.olx.in:443/v1/files/n2kuw5g310vl-IN/image;s=150x0;q=50;f=webp;,Petrol,Automatic,2025,3000.0,BMW
8508,BMW X7,https://www.olx.in/item/cars-c84-used-bmw-x7-in-paschim-vihar-delhi-iid-1825360473?rank=37,Paschim Vihar,8800000,https://apollo.olx.in:443/v1/files/n90pxrsjnnq52-IN/image;s=150x0;q=50;f=webp;,Diesel,Automatic,2022,44000.0,BMW
8510,BMW Z4,https://www.olx.in/item/cars-c84-used-bmw-z4-in-rajouri-garden-delhi-iid-1805581196?rank=39,Rajouri Garden,9150000,https://apollo.olx.in:443/v1/files/v3zczhs2mhl52-IN/image;s=150x0;q=50;f=webp;,Petrol,Automatic,2025,12000.0,BMW
8529,BMW X7,https://www.olx.in/item/cars-c84-used-bmw-x7-in-rajouri-garden-delhi-iid-1836050729?rank=18,Rajouri Garden,9800000,https://apollo.olx.in:443/v1/files/f66kzhuouczg-IN/image;s=150x0;q=50;f=webp;,Diesel,Automatic,2024,23000.0,BMW
8544,BMW X7,https://www.olx.in/item/cars-c84-used-bmw-x7-in-vikaspuri-delhi-iid-1834084881?rank=33,Vikaspuri,9200000,https://apollo.olx.in:443/v1/files/4q189bd32jvb2-IN/image;s=150x0;q=50;f=webp;,Petrol,Automatic,2023,68000.0,BMW
8578,BMW 7 Series,https://www.olx.in/item/cars-c84-used-bmw-7-series-in-naraina-delhi-iid-1833945403?rank=27,Naraina,8090000,https://apollo.olx.in:443/v1/files/97peyjruoi6c-IN/image;s=150x0;q=50;f=webp;,Petrol,Manual,2022,19000.0,BMW
8636,BMW X7,https://www.olx.in/item/cars-c84-used-bmw-x7-in-naraina-delhi-iid-1836015299?rank=5,Naraina,12500000,https://apollo.olx.in:443/v1/files/91c0pijf3btg1-IN/image;s=150x0;q=50;f=webp;,Petrol,Automatic,2026,1.0,BMW
8652,BMW X7,https://www.olx.in/item/cars-c84-used-bmw-x7-in-naraina-delhi-iid-1833947017?rank=21,Naraina,11600000,https://apollo.olx.in:443/v1/files/dscbx59wg1pf-IN/image;s=150x0;q=50;f=webp;,Petrol,Automatic,2025,1.0,BMW
8653,BMW Z4,https://www.olx.in/item/cars-c84-used-bmw-z4-in-dwarka-delhi-iid-1805982160?rank=22,Dwarka,9150000,https://apollo.olx.in:443/v1/files/76819heu27bn2-IN/image;s=150x0;q=50;f=webp;,Petrol,Automatic,2025,12000.0,BMW
8671,BMW X5,https://www.olx.in/item/cars-c84-used-bmw-x5-in-saket-delhi-iid-1831860034?rank=0,Saket,9095000,https://apollo.olx.in:443/v1/files/zzeidvv70z1d2-IN/image;s=150x0;q=50;f=webp;,Petrol,Automatic,2024,8000.0,BMW
8676,BMW Z4,https://www.olx.in/item/cars-c84-used-bmw-z4-in-greater-kailash-1-delhi-iid-1836189867?rank=5,Greater Kailash 1,8995000,https://apollo.olx.in:443/v1/files/oxoj1hmikkv51-IN/image;s=150x0;q=50;f=webp;,Petrol,Automatic,2024,500.0,BMW
8677,BMW Z4,https://www.olx.in/item/cars-c84-used-bmw-z4-in-ashok-vihar-delhi-iid-1836189533?rank=6,Ashok Vihar,9000000,https://apollo.olx.in:443/v1/files/vqhfybpoqfhr2-IN/image;s=150x0;q=50;f=webp;,Petrol,Automatic,2024,500.0,BMW
8688,BMW X5,https://www.olx.in/item/cars-c84-used-bmw-x5-in-greater-kailash-3-delhi-iid-1836548430?rank=17,Greater Kailash 3,9250000,https://apollo.olx.in:443/v1/files/wx7c67nc0nc23-IN/image;s=150x0;q=50;f=webp;,Petrol,Automatic,2024,14000.0,BMW
8689,BMW X7,https://www.olx.in/item/cars-c84-used-bmw-x7-in-ashok-vihar-delhi-iid-1836548892?rank=18,Ashok Vihar,9500000,https://apollo.olx.in:443/v1/files/eted00ufxpzf-IN/image;s=150x0;q=50;f=webp;,Petrol,Automatic,2023,32000.0,BMW
8691,BMW M2,https://www.olx.in/item/cars-c84-used-bmw-m2-in-vasant-kunj-delhi-iid-1818924084?rank=20,Vasant Kunj,9900000,https://apollo.olx.in:443/v1/files/z5mni7ouxhyh2-IN/image;s=150x0;q=50;f=webp;,Petrol,Automatic,2024,2500.0,BMW
8710,BMW X5,https://www.olx.in/item/cars-c84-used-bmw-x5-in-dlf-city-gurgaon-iid-1836244025?rank=39,DLF City,8600000,https://apollo.olx.in:443/v1/files/o6rw2z039po02-IN/image;s=150x0;q=50;f=webp;,Petrol,Automatic,2024,24000.0,BMW
8712,BMW X5,https://www.olx.in/item/cars-c84-used-bmw-x5-in-south-extension-part-1-delhi-iid-1834583519?rank=1,South Extension Part 1,9000000,https://apollo.olx.in:443/v1/files/476wn16acxs1-IN/image;s=150x0;q=50;f=webp;,Petrol,Automatic,2025,13000.0,BMW
8751,BMW X5 M,https://www.olx.in/item/cars-c84-used-bmw-x5-m-in-vasant-vihar-delhi-iid-1836320422?rank=0,Vasant Vihar,9200000,https://apollo.olx.in:443/v1/files/bsc2oczjfd2b-IN/image;s=150x0;q=50;f=webp;,Petrol,Automatic,2024,8700.0,BMW
8753,BMW Z4,https://www.olx.in/item/cars-c84-used-bmw-z4-in-ambience-island-gurgaon-iid-1837061217?rank=2,Ambience Island,9100000,https://apollo.olx.in:443/v1/files/4t4mgomq9fj71-IN/image;s=150x0;q=50;f=webp;,Petrol,Automatic,2025,329.0,BMW
8757,BMW M2,https://www.olx.in/item/cars-c84-used-bmw-m2-in-ambience-island-gurgaon-iid-1825243896?rank=6,Ambience Island,10500000,https://apollo.olx.in:443/v1/files/rdts59jem5ls3-IN/image;s=150x0;q=50;f=webp;,Petrol,Automatic,2024,8000.0,BMW
8761,BMW X5,https://www.olx.in/item/cars-c84-used-bmw-x5-in-ambience-island-gurgaon-iid-1835033212?rank=10,Ambience Island,9000000,https://apollo.olx.in:443/v1/files/qeu5l8z40a9r3-IN/image;s=150x0;q=50;f=webp;,Petrol,Automatic,2024,12000.0,BMW
8762,BMW X3 M40i,https://www.olx.in/item/cars-c84-used-bmw-x3-m40i-in-ambience-island-gurgaon-iid-1835782439?rank=11,Ambience Island,8500000,https://apollo.olx.in:443/v1/files/0y5q774s1u5k3-IN/image;s=150x0;q=50;f=webp;,Petrol,Automatic,2021,27000.0,BMW
8764,BMW Z4,https://www.olx.in/item/cars-c84-used-bmw-z4-in-saket-delhi-iid-1836682062?rank=13,Saket,9100000,https://apollo.olx.in:443/v1/files/xtkrdaw56mvf-IN/image;s=150x0;q=50;f=webp;,Petrol,Automatic,2024,3150.0,BMW
8765,BMW Z4,https://www.olx.in/item/cars-c84-used-bmw-z4-in-ambience-island-gurgaon-iid-1836698738?rank=14,Ambience Island,8900000,https://apollo.olx.in:443/v1/files/enkp60o732qh3-IN/image;s=150x0;q=50;f=webp;,Petrol,Automatic,2024,4000.0,BMW
8782,BMW Z4,https://www.olx.in/item/cars-c84-used-bmw-z4-in-rajokri-delhi-iid-1805219828?rank=31,Rajokri,9150000,https://apollo.olx.in:443/v1/files/91ajk93l1u7y-IN/image;s=150x0;q=50;f=webp;,Petrol,Automatic,2025,11000.0,BMW
8797,BMW M2,https://www.olx.in/item/cars-c84-used-bmw-m2-in-dlf-city-phase-2-gurgaon-iid-1832854955?rank=6,DLF City Phase 2,10500000,https://apollo.olx.in:443/v1/files/didpg54492x9-IN/image;s=150x0;q=50;f=webp;,Petrol,Automatic,2024,8800.0,BMW
8837,BMW X5,https://www.olx.in/item/cars-c84-used-bmw-x5-in-saket-delhi-iid-1833858372?rank=6,Saket,9100000,https://apollo.olx.in:443/v1/files/nm7oift2tdqj2-IN/image;s=150x0;q=50;f=webp;,Petrol,,2024,7600.0,BMW
8847,BMW X7,https://www.olx.in/item/cars-c84-used-bmw-x7-in-saket-delhi-iid-1836798329?rank=16,Saket,9200000,https://apollo.olx.in:443/v1/files/lw1q2vioy7ky-IN/image;s=150x0;q=50;f=webp;,Petrol,Automatic,2023,39387.0,BMW
8860,BMW IX,https://www.olx.in/item/cars-c84-used-bmw-ix-in-saket-delhi-iid-1834036990?rank=29,Saket,8900000,https://apollo.olx.in:443/v1/files/v8duzswtim433-IN/image;s=150x0;q=50;f=webp;,Electric,Automatic,2024,19864.0,BMW
8861,BMW IX,https://www.olx.in/item/cars-c84-used-bmw-ix-in-saket-delhi-iid-1834036444?rank=30,Saket,9200000,https://apollo.olx.in:443/v1/files/6s7f0oa52hgc2-IN/image;s=150x0;q=50;f=webp;,Electric,Automatic,2024,4002.0,BMW
8874,BMW X5,https://www.olx.in/item/cars-c84-used-bmw-x5-in-mg-road-gurgaon-iid-1833830690?rank=3,MG Road,9100000,https://apollo.olx.in:443/v1/files/qzbshxbk3sf72-IN/image;s=150x0;q=50;f=webp;,Petrol,,2024,7600.0,BMW
8876,BMW X5,https://www.olx.in/item/cars-c84-used-bmw-x5-in-dlf-city-gurgaon-iid-1836244025?rank=5,DLF City,8600000,https://apollo.olx.in:443/v1/files/o6rw2z039po02-IN/image;s=150x0;q=50;f=webp;,Petrol,Automatic,2024,24000.0,BMW
8898,BMW X5,https://www.olx.in/item/cars-c84-used-bmw-x5-in-ashok-vihar-delhi-iid-1832139683?rank=27,Ashok Vihar,8100000,https://apollo.olx.in:443/v1/files/auzcep49i50f1-IN/image;s=150x0;q=50;f=webp;,Petrol,Automatic,2024,51000.0,BMW
8924,BMW Z4,https://www.olx.in/item/cars-c84-used-bmw-z4-in-vasant-kunj-delhi-iid-1835271736?rank=13,Vasant Kunj,8750000,https://apollo.olx.in:443/v1/files/y0ejnfljfuuy1-IN/image;s=150x0;q=50;f=webp;,,,2024,4000.0,BMW
8925,BMW X5,https://www.olx.in/item/cars-c84-used-bmw-x5-in-vasant-kunj-delhi-iid-1835271485?rank=14,Vasant Kunj,9200000,https://apollo.olx.in:443/v1/files/rafwh1lncv5b2-IN/image;s=150x0;q=50;f=webp;,Petrol,,2024,8900.0,BMW
8936,BMW Z4,https://www.olx.in/item/cars-c84-used-bmw-z4-in-ashok-vihar-delhi-iid-1805219613?rank=25,Ashok Vihar,9150000,https://apollo.olx.in:443/v1/files/6qnmdns8bzjy2-IN/image;s=150x0;q=50;f=webp;,Petrol,Automatic,2025,10000.0,BMW
8942,BMW X7,https://www.olx.in/item/cars-c84-used-bmw-x7-in-saket-delhi-iid-1836005233?rank=31,Saket,11000000,https://apollo.olx.in:443/v1/files/iku2lqmrowxq2-IN/image;s=150x0;q=50;f=webp;,Petrol,Automatic,2024,24023.0,BMW
8948,BMW Z4,https://www.olx.in/item/cars-c84-used-bmw-z4-in-vasant-kunj-delhi-iid-1805191319?rank=37,Vasant Kunj,9150000,https://apollo.olx.in:443/v1/files/0mnq0xr4wh3o3-IN/image;s=150x0;q=50;f=webp;,Petrol,Automatic,2025,13000.0,BMW
8964,BMW X7,https://www.olx.in/item/cars-c84-used-bmw-x7-in-aero-city-delhi-iid-1825359736?rank=13,Aero City,8800000,https://apollo.olx.in:443/v1/files/ezp28vviyv7a3-IN/image;s=150x0;q=50;f=webp;,Diesel,Automatic,2022,44000.0,BMW
8992,BMW Z4,https://www.olx.in/item/cars-c84-used-bmw-z4-in-ambience-island-gurgaon-iid-1837061217?rank=1,Ambience Island,9100000,https://apollo.olx.in:443/v1/files/4t4mgomq9fj71-IN/image;s=150x0;q=50;f=webp;,Petrol,Automatic,2025,329.0,BMW
9007,BMW X5 M,https://www.olx.in/item/cars-c84-used-bmw-x5-m-in-vasant-vihar-delhi-iid-1836320422?rank=16,Vasant Vihar,9200000,https://apollo.olx.in:443/v1/files/bsc2oczjfd2b-IN/image;s=150x0;q=50;f=webp;,Petrol,Automatic,2024,8700.0,BMW
9012,BMW X5,https://www.olx.in/item/cars-c84-used-bmw-x5-in-saket-delhi-iid-1831860034?rank=21,Saket,9095000,https://apollo.olx.in:443/v1/files/zzeidvv70z1d2-IN/image;s=150x0;q=50;f=webp;,Petrol,Automatic,2024,8000.0,BMW
9052,BMW M2,https://www.olx.in/item/cars-c84-used-bmw-m2-in-new-moti-bagh-delhi-iid-1835368582?rank=21,New Moti Bagh,10100000,https://apollo.olx.in:443/v1/files/62owu6gq3tzc-IN/image;s=150x0;q=50;f=webp;,Petrol,Automatic,2024,8900.0,BMW
9069,BMW X5,https://www.olx.in/item/cars-c84-used-bmw-x5-in-south-extension-part-1-delhi-iid-1834583519?rank=38,South Extension Part 1,9000000,https://apollo.olx.in:443/v1/files/476wn16acxs1-IN/image;s=150x0;q=50;f=webp;,Petrol,Automatic,2025,13000.0,BMW
9079,BMW X5,https://www.olx.in/item/cars-c84-used-bmw-x5-in-mg-road-gurgaon-iid-1833475692?rank=8,MG Road,8999000,https://apollo.olx.in:443/v1/files/54x8wljvxbsf3-IN/image;s=150x0;q=50;f=webp;,Petrol,Automatic,2024,42000.0,BMW
9087,BMW X7,https://www.olx.in/item/cars-c84-used-bmw-x7-in-safdarjung-delhi-iid-1832963350?rank=16,Safdarjung,9500000,https://apollo.olx.in:443/v1/files/65g585f2d50x1-IN/image;s=150x0;q=50;f=webp;,Petrol,Automatic,2023,11000.0,BMW
9092,BMW X7,https://www.olx.in/item/cars-c84-used-bmw-x7-in-vasant-kunj-delhi-iid-1823864211?rank=21,Vasant Kunj,11500000,https://apollo.olx.in:443/v1/files/jyq26yq063481-IN/image;s=150x0;q=50;f=webp;,Petrol,Automatic,2024,7000.0,BMW
9101,BMW M2,https://www.olx.in/item/cars-c84-used-bmw-m2-in-vasant-kunj-delhi-iid-1818924084?rank=30,Vasant Kunj,9900000,https://apollo.olx.in:443/v1/files/z5mni7ouxhyh2-IN/image;s=150x0;q=50;f=webp;,Petrol,Automatic,2024,2500.0,BMW
9115,BMW X7,https://www.olx.in/item/cars-c84-used-bmw-x7-in-vasant-vihar-delhi-iid-1803078130?rank=4,Vasant Vihar,12900000,https://apollo.olx.in:443/v1/files/6mtyltnexv3d2-IN/image;s=150x0;q=50;f=webp;,Petrol,Automatic,2024,7200.0,BMW
9134,BMW 7 Series,https://www.olx.in/item/cars-c84-used-bmw-7-series-in-sector-31-faridabad-iid-1836902266?rank=23,Sector 31,8850000,https://apollo.olx.in:443/v1/files/imyrpeokdj9e-IN/image;s=150x0;q=50;f=webp;,Petrol,Automatic,2022,30000.0,BMW
9143,BMW M2,https://www.olx.in/item/cars-c84-used-bmw-m2-in-noida-extension-noida-iid-1831881514?rank=32,Noida Extension,9899000,https://apollo.olx.in:443/v1/files/1fhufpzpfucm2-IN/image;s=150x0;q=50;f=webp;,Petrol,Automatic,2024,2500.0,BMW
9145,BMW X7,https://www.olx.in/item/cars-c84-used-bmw-x7-in-noida-extension-noida-iid-1837086956?rank=34,Noida Extension,9200000,https://apollo.olx.in:443/v1/files/pc0jemq2cahv2-IN/image;s=150x0;q=50;f=webp;,Petrol,Automatic,2023,39387.0,BMW
9151,BMW Z4,https://www.olx.in/item/cars-c84-used-bmw-z4-in-new-gurgaon-gurgaon-iid-1836091587?rank=0,New Gurgaon,8975000,https://apollo.olx.in:443/v1/files/6us11y2yyf852-IN/image;s=150x0;q=50;f=webp;,Petrol,,2023,8700.0,BMW
9154,BMW X7,https://www.olx.in/item/cars-c84-used-bmw-x7-in-imt-rohtak-rohtak-iid-1836178629?rank=3,IMT Rohtak,11000000,https://apollo.olx.in:443/v1/files/tgz3v59idfz63-IN/image;s=150x0;q=50;f=webp;,Petrol,Automatic,2024,24023.0,BMW
9155,BMW X7,https://www.olx.in/item/cars-c84-used-bmw-x7-in-faridabad-new-township-faridabad-iid-1836178310?rank=4,Faridabad (New Township),11000000,https://apollo.olx.in:443/v1/files/cm7czifba50l2-IN/image;s=150x0;q=50;f=webp;,Petrol,Automatic,2024,24023.0,BMW
9163,BMW X7,https://www.olx.in/item/cars-c84-used-bmw-x7-in-imt-rohtak-rohtak-iid-1837076471?rank=12,IMT Rohtak,9200000,https://apollo.olx.in:443/v1/files/usnse8lgruju1-IN/image;s=150x0;q=50;f=webp;,Petrol,Automatic,2023,39387.0,BMW
9167,BMW X5,https://www.olx.in/item/cars-c84-used-bmw-x5-in-sector-15-noida-iid-1836362699?rank=16,Sector 15,9250000,https://apollo.olx.in:443/v1/files/nzy8zvzm4f3k-IN/image;s=150x0;q=50;f=webp;,Petrol,Automatic,2024,14000.0,BMW
9170,BMW X7,https://www.olx.in/item/cars-c84-used-bmw-x7-in-faridabad-new-township-faridabad-iid-1837076058?rank=19,Faridabad (New Township),9200000,https://apollo.olx.in:443/v1/files/xuieklsa5as6-IN/image;s=150x0;q=50;f=webp;,Petrol,Automatic,2023,39387.0,BMW
9174,BMW Z4,https://www.olx.in/item/cars-c84-used-bmw-z4-in-ghaziabad-uttar-pradesh-iid-1836697935?rank=23,Ghaziabad,9100000,https://apollo.olx.in:443/v1/files/iyfut79ziha63-IN/image;s=150x0;q=50;f=webp;,Petrol,Automatic,2024,3150.0,BMW
9179,BMW X5,https://www.olx.in/item/cars-c84-used-bmw-x5-in-sector-45-noida-iid-1833834270?rank=28,Sector 45,9100000,https://apollo.olx.in:443/v1/files/xx0kxn7cdkvf-IN/image;s=150x0;q=50;f=webp;,Petrol,,2024,7600.0,BMW
9189,BMW X5,https://www.olx.in/item/cars-c84-used-bmw-x5-in-golf-course-road-gurgaon-iid-1833736697?rank=38,Golf Course Road,9198000,https://apollo.olx.in:443/v1/files/bxkojfrgc7tu3-IN/image;s=150x0;q=50;f=webp;,Petrol,Automatic,2024,7600.0,BMW
9195,BMW X5,https://www.olx.in/item/cars-c84-used-bmw-x5-in-new-friends-colony-delhi-iid-1836244044?rank=4,New Friends Colony,8600000,https://apollo.olx.in:443/v1/files/cao8lqwl6vuz-IN/image;s=150x0;q=50;f=webp;,Petrol,Automatic,2024,24000.0,BMW
9196,BMW X7,https://www.olx.in/item/cars-c84-used-bmw-x7-in-anand-vihar-delhi-iid-1835739161?rank=5,Anand Vihar,9600000,https://apollo.olx.in:443/v1/files/g9x9rdkv5dkb3-IN/image;s=150x0;q=50;f=webp;,Petrol,Automatic,2024,54000.0,BMW
9216,BMW X5,https://www.olx.in/item/cars-c84-used-bmw-x5-in-sector-15a-noida-iid-1837000254?rank=25,Sector 15A,8600000,https://apollo.olx.in:443/v1/files/hy4bzteo7meh1-IN/image;s=150x0;q=50;f=webp;,Petrol,Automatic,2024,24000.0,BMW
9220,BMW X5,https://www.olx.in/item/cars-c84-used-bmw-x5-in-noida-extension-noida-iid-1836375122?rank=29,Noida Extension,9000000,https://apollo.olx.in:443/v1/files/r72vv6z1zzkg1-IN/image;s=150x0;q=50;f=webp;,Petrol,Automatic,2025,13000.0,BMW
9223,BMW X7,https://www.olx.in/item/cars-c84-used-bmw-x7-in-golf-course-road-gurgaon-iid-1836800924?rank=32,Golf Course Road,9200000,https://apollo.olx.in:443/v1/files/2coui60omqva3-IN/image;s=150x0;q=50;f=webp;,Petrol,Automatic,2024,39387.0,BMW
9242,BMW IX,https://www.olx.in/item/cars-c84-used-bmw-ix-in-golf-course-road-gurgaon-iid-1834577647?rank=11,Golf Course Road,9200000,https://apollo.olx.in:443/v1/files/3na79uo02x103-IN/image;s=150x0;q=50;f=webp;,Electric,Automatic,2024,4002.0,BMW
9247,BMW IX,https://www.olx.in/item/cars-c84-used-bmw-ix-in-golf-course-road-gurgaon-iid-1834576671?rank=16,Golf Course Road,8900000,https://apollo.olx.in:443/v1/files/gpk72cu27wpl2-IN/image;s=150x0;q=50;f=webp;,Electric,Automatic,2024,19864.0,BMW
9250,BMW X5,https://www.olx.in/item/cars-c84-used-bmw-x5-in-sector-44-noida-iid-1836060277?rank=19,Sector 44,9250000,https://apollo.olx.in:443/v1/files/2dnfb3ogb1hr1-IN/image;s=150x0;q=50;f=webp;,Petrol,Automatic,2024,14000.0,BMW
9251,BMW M2,https://www.olx.in/item/cars-c84-used-bmw-m2-in-sector-4-gurgaon-gurgaon-iid-1831878767?rank=20,Sector 4 Gurgaon,9899000,https://apollo.olx.in:443/v1/files/k124zsz5a09l3-IN/image;s=150x0;q=50;f=webp;,Petrol,Manual,2024,25000.0,BMW
9265,BMW IX,https://www.olx.in/item/cars-c84-used-bmw-ix-in-ghaziabad-uttar-pradesh-iid-1834938729?rank=34,Ghaziabad,8900000,https://apollo.olx.in:443/v1/files/uddk3q4195e82-IN/image;s=150x0;q=50;f=webp;,Electric,Automatic,2024,19864.0,BMW
9266,BMW IX,https://www.olx.in/item/cars-c84-used-bmw-ix-in-ghaziabad-uttar-pradesh-iid-1834938315?rank=35,Ghaziabad,9200000,https://apollo.olx.in:443/v1/files/t2gbxn0kzkln1-IN/image;s=150x0;q=50;f=webp;,Electric,Automatic,2024,4002.0,BMW
9273,BMW Z4,https://www.olx.in/item/cars-c84-used-bmw-z4-in-noida-extension-noida-iid-1825557564?rank=2,Noida Extension,9475000,https://apollo.olx.in:443/v1/files/12ongk41r39d2-IN/image;s=150x0;q=50;f=webp;,Petrol,Automatic,2025,3000.0,BMW
9283,BMW X5,https://www.olx.in/item/cars-c84-used-bmw-x5-in-sector-37-faridabad-iid-1834174603?rank=12,Sector 37,9700000,https://apollo.olx.in:443/v1/files/klaiuhkmmc823-IN/image;s=150x0;q=50;f=webp;,Petrol,,2025,3300.0,BMW
9286,BMW X5,https://www.olx.in/item/cars-c84-used-bmw-x5-in-sector-71-noida-iid-1834173278?rank=15,Sector 71,9700000,https://apollo.olx.in:443/v1/files/ccatahjinx8b2-IN/image;s=150x0;q=50;f=webp;,Petrol,,2025,3300.0,BMW
9287,BMW Z4,https://www.olx.in/item/cars-c84-used-bmw-z4-in-sector-31-noida-iid-1834728173?rank=16,Sector 31,8900000,https://apollo.olx.in:443/v1/files/lu77rg241sk92-IN/image;s=150x0;q=50;f=webp;,Petrol,Automatic,2024,2000.0,BMW
9290,BMW Z4,https://www.olx.in/item/cars-c84-used-bmw-z4-in-sector-37-gurgaon-iid-1835269476?rank=19,Sector 37,8750000,https://apollo.olx.in:443/v1/files/x19tw5k7o24g3-IN/image;s=150x0;q=50;f=webp;,Petrol,,2024,4000.0,BMW
9292,BMW X7,https://www.olx.in/item/cars-c84-used-bmw-x7-in-delhi-gate-ghaziabad-iid-1835483902?rank=21,Delhi Gate,9500000,https://apollo.olx.in:443/v1/files/krz6uwvshrrh2-IN/image;s=150x0;q=50;f=webp;,Diesel,Automatic,2022,7000.0,BMW
9294,BMW X5,https://www.olx.in/item/cars-c84-used-bmw-x5-in-sector-37-gurgaon-iid-1835269158?rank=23,Sector 37,9200000,https://apollo.olx.in:443/v1/files/umjw1kg4c136-IN/image;s=150x0;q=50;f=webp;,Petrol,,2024,8900.0,BMW
9300,BMW Z4,https://www.olx.in/item/cars-c84-used-bmw-z4-in-faridabad-new-township-faridabad-iid-1836724147?rank=29,Faridabad (New Township),9100000,https://apollo.olx.in:443/v1/files/4h3mph89aru1-IN/image;s=150x0;q=50;f=webp;,Petrol,Automatic,2024,3150.0,BMW
9302,BMW IX,https://www.olx.in/item/cars-c84-used-bmw-ix-in-faridabad-new-township-faridabad-iid-1835253627?rank=31,Faridabad (New Township),9200000,https://apollo.olx.in:443/v1/files/15xeo57pko7n1-IN/image;s=150x0;q=50;f=webp;,Electric,Automatic,2024,4002.0,BMW
9304,BMW X7,https://www.olx.in/item/cars-c84-used-bmw-x7-in-ghaziabad-uttar-pradesh-iid-1836005406?rank=33,Ghaziabad,11000000,https://apollo.olx.in:443/v1/files/u3v26mk7tfut-IN/image;s=150x0;q=50;f=webp;,Petrol,Automatic,2024,24023.0,BMW
9305,BMW X7,https://www.olx.in/item/cars-c84-used-bmw-x7-in-golf-course-road-gurgaon-iid-1836005068?rank=34,Golf Course Road,11000000,https://apollo.olx.in:443/v1/files/pkut6zgz4rni2-IN/image;s=150x0;q=50;f=webp;,Petrol,Automatic,2024,24023.0,BMW
9306,BMW IX,https://www.olx.in/item/cars-c84-used-bmw-ix-in-faridabad-new-township-faridabad-iid-1835252816?rank=35,Faridabad (New Township),8900000,https://apollo.olx.in:443/v1/files/qw33udvwr471-IN/image;s=150x0;q=50;f=webp;,Electric,Automatic,2024,19864.0,BMW
9311,BMW X7,https://www.olx.in/item/cars-c84-used-bmw-x7-in-noida-extension-noida-iid-1833865137?rank=0,Noida Extension,11500000,https://apollo.olx.in:443/v1/files/vsm2db19qsbm1-IN/image;s=150x0;q=50;f=webp;,Petrol,Automatic,2024,10000.0,BMW
9337,BMW Z4,https://www.olx.in/item/cars-c84-used-bmw-z4-in-sector-37-faridabad-iid-1835361537?rank=26,Sector 37,8750000,https://apollo.olx.in:443/v1/files/99os3l658ajk1-IN/image;s=150x0;q=50;f=webp;,Petrol,,2024,4000.0,BMW
9338,BMW X5,https://www.olx.in/item/cars-c84-used-bmw-x5-in-sector-37-faridabad-iid-1835361407?rank=27,Sector 37,9200000,https://apollo.olx.in:443/v1/files/s3pgwn2o94vz1-IN/image;s=150x0;q=50;f=webp;,Petrol,,2024,8900.0,BMW
9341,BMW Z4,https://www.olx.in/item/cars-c84-used-bmw-z4-in-sector-18-noida-iid-1835347090?rank=30,Sector 18,8750000,https://apollo.olx.in:443/v1/files/j9xz2yzqxyuz2-IN/image;s=150x0;q=50;f=webp;,Petrol,,2024,4000.0,BMW
9342,BMW X5,https://www.olx.in/item/cars-c84-used-bmw-x5-in-sector-18-noida-iid-1835346904?rank=31,Sector 18,9200000,https://apollo.olx.in:443/v1/files/jdd3xunstu432-IN/image;s=150x0;q=50;f=webp;,Petrol,,2024,8900.0,BMW
